storm_number,min_time,min_dst,prestorm_duration_h,prestorm_n_onsets,prestorm_mean_onset_interval_min,prestorm_onset_rate_per_h,initial_duration_h,initial_n_onsets,initial_mean_onset_interval_min,initial_onset_rate_per_h,main_duration_h,main_n_onsets,main_mean_onset_interval_min,main_onset_rate_per_h,recovery_duration_h,recovery_n_onsets,recovery_mean_onset_interval_min,recovery_onset_rate_per_h,total_storm_duration_h,recovery_onset_bins_24h,prestorm_f10.7_mean,initial_f10.7_mean,main_f10.7_mean,recovery_f10.7_mean,full_storm_f10.7_mean,daily_kp,prestorm_kp_mean,initial_kp_mean,main_kp_mean,recovery_kp_mean,full_storm_kp_mean,status,baseline,initial_phase_start,main_phase_peak,recovery_end,recovery_threshold,prestorm_substorm_onset,initial_substorm_onset,main_substorm_onset,recovery_substorm_onset,prestorm_CARISMA_station,prestorm_CARISMA_dist_km,prestorm_CARISMA_usable_200km,prestorm_CARISMA_usable_500km,prestorm_CARISMA_chain_neighbors,prestorm_CARISMA_chain_gap,prestorm_CARISMA_chain_weak,prestorm_IMAGE_station,prestorm_IMAGE_dist_km,prestorm_IMAGE_usable_200km,prestorm_IMAGE_usable_500km,prestorm_IMAGE_chain_neighbors,prestorm_IMAGE_chain_gap,prestorm_IMAGE_chain_weak,initial_CARISMA_station,initial_CARISMA_dist_km,initial_CARISMA_usable_200km,initial_CARISMA_usable_500km,initial_CARISMA_chain_neighbors,initial_CARISMA_chain_gap,initial_CARISMA_chain_weak,initial_IMAGE_station,initial_IMAGE_dist_km,initial_IMAGE_usable_200km,initial_IMAGE_usable_500km,initial_IMAGE_chain_neighbors,initial_IMAGE_chain_gap,initial_IMAGE_chain_weak,main_CARISMA_station,main_CARISMA_dist_km,main_CARISMA_usable_200km,main_CARISMA_usable_500km,main_CARISMA_chain_neighbors,main_CARISMA_chain_gap,main_CARISMA_chain_weak,main_IMAGE_station,main_IMAGE_dist_km,main_IMAGE_usable_200km,main_IMAGE_usable_500km,main_IMAGE_chain_neighbors,main_IMAGE_chain_gap,main_IMAGE_chain_weak,recovery_CARISMA_station,recovery_CARISMA_dist_km,recovery_CARISMA_usable_200km,recovery_CARISMA_usable_500km,recovery_CARISMA_chain_neighbors,recovery_CARISMA_chain_gap,recovery_CARISMA_chain_weak,recovery_IMAGE_station,recovery_IMAGE_dist_km,recovery_IMAGE_usable_200km,recovery_IMAGE_usable_500km,recovery_IMAGE_chain_neighbors,recovery_IMAGE_chain_gap,recovery_IMAGE_chain_weak
1,2014-02-19 08:30:00+00:00,-119,24.0,0,,0.0,88.77,15,367.6,0.169,4.0,6,25.2,1.5,141.0,53,149.7,0.376,233.77,"[12, 10, 12, 5, 9, 5]",160.3,150.5,154.2,160.0,156.3,"{'2014-02-14': 0.74, '2014-02-15': 1.62, '2014-02-16': 3.2, '2014-02-17': 1.0, '2014-02-18': 1.54, '2014-02-19': 4.24, '2014-02-20': 3.96, '2014-02-21': 2.38, '2014-02-22': 2.54, '2014-02-23': 3.16, '2014-02-24': 1.38, '2014-02-25': 0.23}",0.38,2.21,6.15,2.71,2.58,OK,1.0666666666666667,2014-02-15 11:43:46.666666+00:00,2014-02-19 04:30:00+00:00,2014-02-25 05:30:00+00:00,-22.94666666666667,,2014-02-19 04:23:00+00:00,2014-02-19 07:05:00+00:00,2014-02-19 09:00:00+00:00,,,,,,,,,,,,,,,TALO,3760.0,False,False,,,,NOR,0.0,True,True,"SOR(0.4 deg), TRO(1.1 deg)",False,False,TALO,1879.2,False,False,,,,NAQ,463.5,False,True,"LRV(1.2 deg), KUL(2.9 deg)",False,False,MSTK,146.7,True,True,"PINA(0.6 deg), LGRR(1.2 deg)",False,False,NAQ,4093.7,False,False,,,
2,2014-02-27 23:30:00+00:00,-97,24.0,1,,0.042,19.98,2,29.0,0.1,6.0,5,56.5,0.833,99.0,9,727.0,0.091,124.98,"[3, 4, 0, 1, 1]",174.3,172.6,172.4,161.5,163.7,"{'2014-02-22': 1.7, '2014-02-23': 3.16, '2014-02-24': 1.38, '2014-02-25': 0.68, '2014-02-26': 0.45, '2014-02-27': 2.5, '2014-02-28': 2.25, '2014-03-01': 1.56, '2014-03-02': 0.76, '2014-03-03': 1.41, '2014-03-04': 1.61, '2014-03-05': 1.62}",0.56,1.35,5.08,1.55,1.69,OK,1.0666666666666667,2014-02-26 21:30:59.999999+00:00,2014-02-27 17:30:00+00:00,2014-03-04 02:30:00+00:00,-18.546666666666667,2014-02-25 21:14:00+00:00,2014-02-27 16:50:00+00:00,2014-02-27 22:21:00+00:00,2014-02-28 08:25:00+00:00,TALO,3737.9,False,False,,,,SOR,0.0,True,True,"NOR(0.4 deg), TRO(0.7 deg)",False,False,DAWS,1828.6,False,False,,,,NRD,3251.6,False,False,,,,SACH,2834.5,False,False,,,,NRD,3065.0,False,False,,,,FSIM,0.4,True,True,"FSMI(0.0 deg), RABB(0.4 deg)",False,False,NRD,3484.2,False,False,,,
3,2014-04-12 09:30:00+00:00,-87,24.0,0,,0.0,23.94,6,115.6,0.251,8.0,4,61.7,0.5,81.0,9,466.5,0.111,112.94,"[5, 2, 2, 0]",137.4,138.1,136.5,147.2,144.5,"{'2014-04-07': 2.22, '2014-04-08': 0.92, '2014-04-09': 0.99, '2014-04-10': 0.32, '2014-04-11': 1.55, '2014-04-12': 3.21, '2014-04-13': 2.88, '2014-04-14': 1.55, '2014-04-15': 1.16, '2014-04-16': 0.75, '2014-04-17': 2.3, '2014-04-18': 1.36}",0.32,1.82,4.4,2.03,2.16,OK,1.1916666666666667,2014-04-11 01:33:49.999999+00:00,2014-04-12 01:30:00+00:00,2014-04-15 18:30:00+00:00,-16.446666666666665,,2014-04-12 00:49:00+00:00,2014-04-12 07:48:00+00:00,2014-04-12 13:03:00+00:00,,,,,,,,,,,,,,,SACH,4265.1,False,False,,,,LOZ,1058.4,False,False,,,,DAWS,127.7,True,True,"FSIM(1.3 deg), NORM(3.6 deg)",False,False,NRD,3415.3,False,False,,,,DAWS,824.8,False,False,,,,NRD,3758.5,False,False,,,
4,2014-04-30 09:30:00+00:00,-67,24.0,2,801.0,0.083,13.85,0,,0.0,13.0,4,148.7,0.308,35.0,10,125.8,0.286,61.85,"[10, 0]",122.3,121.8,124.4,126.8,125.2,"{'2014-04-25': 1.72, '2014-04-26': 1.21, '2014-04-27': 0.68, '2014-04-28': 1.15, '2014-04-29': 0.79, '2014-04-30': 2.91, '2014-05-01': 1.12, '2014-05-02': 0.41, '2014-05-03': 1.04, '2014-05-04': 2.58, '2014-05-05': 2.11, '2014-05-06': 0.58}",0.77,0.41,2.96,1.92,1.82,OK,-3.408333333333333,2014-04-29 06:38:52.500000+00:00,2014-04-29 20:30:00+00:00,2014-05-01 20:30:00+00:00,-16.126666666666665,2014-04-28 09:36:00+00:00,,2014-04-30 05:58:00+00:00,2014-04-30 13:57:00+00:00,DAWS,429.0,False,True,"FSIM(1.3 deg), NORM(3.6 deg)",False,False,NRD,3476.5,False,False,,,,,,,,,,,,,,,,,,TALO,2340.2,False,False,,,,NAQ,0.0,True,True,"LRV(1.2 deg), KUL(2.9 deg)",False,False,FSMI,1.8,True,True,"BACK(0.0 deg), FSIM(0.0 deg)",False,False,NAQ,3474.2,False,False,,,
5,2014-08-27 18:30:00+00:00,-79,24.0,0,,0.0,34.46,7,271.5,0.203,5.0,8,38.6,1.6,144.0,46,183.7,0.319,183.46,"[7, 7, 10, 5, 10, 7]",151.8,128.7,125.3,126.7,127.1,"{'2014-08-22': 0.35, '2014-08-23': 0.96, '2014-08-24': 0.46, '2014-08-25': 0.47, '2014-08-26': 0.7, '2014-08-27': 3.16, '2014-08-28': 3.25, '2014-08-29': 3.21, '2014-08-30': 2.72, '2014-08-31': 2.72, '2014-09-01': 2.41, '2014-09-02': 2.11}",0.51,1.46,4.06,2.8,2.59,OK,2.0833333333333335,2014-08-26 03:02:30+00:00,2014-08-27 13:30:00+00:00,2014-09-02 18:30:00+00:00,-14.133333333333331,,2014-08-27 13:23:00+00:00,2014-08-27 14:27:00+00:00,2014-08-29 10:33:00+00:00,,,,,,,,,,,,,,,DAWS,127.7,True,True,"FSIM(1.3 deg), NORM(3.6 deg)",False,False,NRD,3415.3,False,False,,,,FSIM,0.4,True,True,"FSMI(0.0 deg), RABB(0.4 deg)",False,False,NRD,3484.2,False,False,,,,DAWS,429.0,False,True,"FSIM(1.3 deg), NORM(3.6 deg)",False,False,NRD,3476.5,False,False,,,
6,2014-09-12 23:30:00+00:00,-88,24.0,6,178.0,0.25,3.6,3,80.5,0.832,4.0,5,36.8,1.25,73.0,2,189.0,0.027,80.6,"[2, 0, 0, 0]",153.8,154.0,154.0,140.9,142.1,"{'2014-09-07': 0.3, '2014-09-08': 1.21, '2014-09-09': 1.84, '2014-09-10': 1.5, '2014-09-11': 2.29, '2014-09-12': 4.04, '2014-09-13': 2.41, '2014-09-14': 0.38, '2014-09-15': 0.45, '2014-09-16': 1.79, '2014-09-17': 1.18, '2014-09-18': 1.51}",2.9,4.9,5.5,1.15,1.51,OK,2.0833333333333335,2014-09-12 15:53:45+00:00,2014-09-12 19:30:00+00:00,2014-09-16 00:30:00+00:00,-15.933333333333332,2014-09-12 01:33:00+00:00,2014-09-12 16:34:00+00:00,2014-09-12 22:44:00+00:00,2014-09-12 22:44:00+00:00,TALO,3947.1,False,False,,,,KIR,0.0,True,True,"MUO(0.0 deg), RST(0.2 deg)",False,False,DAWS,1828.6,False,False,,,,NRD,3251.6,False,False,,,,SACH,3211.8,False,False,,,,HOP,2800.5,False,False,,,,SACH,3211.8,False,False,,,,HOP,2800.5,False,False,,,
7,2014-10-09 07:30:00+00:00,-51,24.0,3,169.0,0.125,28.73,6,163.6,0.209,7.0,4,74.7,0.571,69.0,9,347.0,0.13,104.73,"[6, 3, 0]",126.0,126.1,118.6,116.3,119.1,"{'2014-10-04': 1.06, '2014-10-05': 1.39, '2014-10-06': 1.3, '2014-10-07': 1.04, '2014-10-08': 1.88, '2014-10-09': 2.62, '2014-10-10': 1.54, '2014-10-11': 1.84, '2014-10-12': 0.66, '2014-10-13': 1.38, '2014-10-14': 2.62, '2014-10-15': 3.12}",1.28,1.73,3.66,1.72,1.85,OK,-8.191666666666666,2014-10-07 19:46:10+00:00,2014-10-09 00:30:00+00:00,2014-10-12 04:30:00+00:00,-16.753333333333334,2014-10-06 22:20:00+00:00,2014-10-08 11:18:00+00:00,2014-10-09 05:53:00+00:00,2014-10-09 11:12:00+00:00,TALO,3711.9,False,False,,,,AND,0.0,True,True,"KEV(0.1 deg), ALT(0.2 deg)",False,False,FSMI,305.4,False,True,"BACK(0.0 deg), FSIM(0.0 deg)",False,False,NRD,3308.5,False,False,,,,TALO,1754.2,False,False,,,,NAQ,602.0,False,False,,,,DAWS,127.7,True,True,"FSIM(1.3 deg), NORM(3.6 deg)",False,False,NRD,3415.3,False,False,,,
8,2014-10-20 17:30:00+00:00,-51,24.0,7,188.5,0.292,51.26,17,184.2,0.332,2.0,4,25.7,2.0,144.0,51,166.9,0.354,197.26,"[10, 14, 5, 9, 7, 6]",158.0,180.5,202.2,213.1,204.6,"{'2014-10-15': 0.57, '2014-10-16': 1.65, '2014-10-17': 1.62, '2014-10-18': 2.9, '2014-10-19': 2.07, '2014-10-20': 3.71, '2014-10-21': 2.95, '2014-10-22': 2.76, '2014-10-23': 2.07, '2014-10-24': 2.1, '2014-10-25': 2.09, '2014-10-26': 2.67}",2.19,2.7,5.0,2.51,2.58,OK,-7.075,2014-10-18 12:14:37.500000+00:00,2014-10-20 15:30:00+00:00,2014-10-26 17:30:00+00:00,-15.86,2014-10-18 03:56:00+00:00,2014-10-18 16:27:00+00:00,2014-10-20 16:33:00+00:00,2014-10-20 17:09:00+00:00,RANK,902.2,False,False,,,,NAQ,1829.3,False,False,,,,DAWS,1828.6,False,False,,,,NRD,3251.6,False,False,,,,DAWS,2195.2,False,False,,,,NRD,3143.2,False,False,,,,DAWS,2195.2,False,False,,,,NRD,3143.2,False,False,,,
9,2014-10-28 01:30:00+00:00,-57,24.0,9,74.8,0.375,110.0,32,201.9,0.291,10.0,5,77.0,0.5,70.0,10,229.4,0.143,190.0,"[7, 3, 0]",214.6,213.3,183.4,150.6,188.6,"{'2014-10-23': 2.11, '2014-10-24': 2.1, '2014-10-25': 2.09, '2014-10-26': 2.38, '2014-10-27': 2.55, '2014-10-28': 2.55, '2014-10-29': 1.75, '2014-10-30': 1.0, '2014-10-31': 1.45, '2014-11-01': 1.59, '2014-11-02': 1.7, '2014-11-03': 2.0}",2.66,2.19,2.98,1.74,2.07,OK,-7.866666666666666,2014-10-23 01:30:00+00:00,2014-10-27 15:30:00+00:00,2014-10-30 23:30:00+00:00,-17.693333333333335,2014-10-22 16:42:00+00:00,2014-10-24 16:24:00+00:00,2014-10-27 21:28:00+00:00,2014-10-28 15:24:00+00:00,SACH,4075.2,False,False,,,,LOZ,1265.9,False,False,,,,DAWS,814.3,False,False,,,,NRD,2891.1,False,False,,,,TALO,4129.7,False,False,,,,SOD,0.0,True,True,"LOZ(0.3 deg), PEL(0.4 deg)",False,False,DAWS,1828.6,False,False,,,,NRD,3251.6,False,False,,,
10,2014-11-10 17:30:00+00:00,-65,24.0,3,178.5,0.125,3.17,1,,0.315,7.0,4,117.7,0.571,72.0,8,491.0,0.111,82.17,"[2, 4, 2]",130.4,133.4,133.4,144.9,143.5,"{'2014-11-05': 2.26, '2014-11-06': 1.79, '2014-11-07': 2.54, '2014-11-08': 1.88, '2014-11-09': 2.14, '2014-11-10': 3.41, '2014-11-11': 2.29, '2014-11-12': 1.71, '2014-11-13': 1.06, '2014-11-14': 2.54, '2014-11-15': 2.91, '2014-11-16': 3.62}",2.43,3.23,4.04,1.9,2.13,OK,-7.866666666666666,2014-11-10 07:19:36+00:00,2014-11-10 10:30:00+00:00,2014-11-13 17:30:00+00:00,-19.293333333333333,,2014-11-10 10:15:00+00:00,2014-11-10 10:39:00+00:00,2014-11-11 23:03:00+00:00,,,,,,,,,,,,,,,GILL,0.4,True,True,"FCHP(0.2 deg), RABB(0.8 deg)",False,False,NAQ,2815.1,False,False,,,,DAWS,127.7,True,True,"FSIM(1.3 deg), NORM(3.6 deg)",False,False,NRD,3415.3,False,False,,,,TALO,3711.9,False,False,,,,AND,0.0,True,True,"KEV(0.1 deg), ALT(0.2 deg)",False,False
11,2014-11-16 07:30:00+00:00,-59,24.0,2,698.0,0.083,28.55,12,118.4,0.42,13.0,10,76.4,0.769,87.0,35,146.4,0.402,128.55,"[17, 9, 5, 4]",154.6,157.3,162.8,165.0,163.1,"{'2014-11-11': 2.32, '2014-11-12': 1.71, '2014-11-13': 1.06, '2014-11-14': 2.54, '2014-11-15': 2.91, '2014-11-16': 3.42, '2014-11-17': 2.2, '2014-11-18': 2.21, '2014-11-19': 1.74, '2014-11-20': 2.29, '2014-11-21': 2.66, '2014-11-22': 2.3}",1.71,2.72,3.68,2.31,2.54,OK,-7.866666666666666,2014-11-14 13:56:51.428571+00:00,2014-11-15 18:30:00+00:00,2014-11-19 22:30:00+00:00,-18.093333333333334,2014-11-14 01:40:00+00:00,2014-11-15 10:19:00+00:00,2014-11-16 03:12:00+00:00,2014-11-16 08:09:00+00:00,TALO,1879.2,False,False,,,,NAQ,463.5,False,True,"LRV(1.2 deg), KUL(2.9 deg)",False,False,RABB,0.2,True,True,"FSIM(0.4 deg), FSMI(0.4 deg)",False,False,NAQ,3175.2,False,False,,,,FSMI,305.4,False,True,"BACK(0.0 deg), FSIM(0.0 deg)",False,False,NRD,3308.5,False,False,,,,TALO,1754.2,False,False,,,,NAQ,602.0,False,False,,,
12,2014-12-12 16:30:00+00:00,-53,24.0,3,126.5,0.125,7.71,3,86.5,0.389,5.0,5,41.5,1.0,136.0,35,207.2,0.257,148.71,"[6, 13, 7, 7, 2, 0]",144.1,149.4,149.4,171.1,169.4,"{'2014-12-07': 4.08, '2014-12-08': 2.88, '2014-12-09': 2.86, '2014-12-10': 1.81, '2014-12-11': 1.0, '2014-12-12': 3.29, '2014-12-13': 2.0, '2014-12-14': 2.34, '2014-12-15': 2.84, '2014-12-16': 1.66, '2014-12-17': 1.41, '2014-12-18': 1.15}",1.31,3.04,3.78,2.07,2.17,OK,-12.258333333333333,2014-12-12 03:47:25+00:00,2014-12-12 11:30:00+00:00,2014-12-18 08:30:00+00:00,-20.406666666666666,2014-12-12 00:19:00+00:00,2014-12-12 08:28:00+00:00,2014-12-12 12:24:00+00:00,2014-12-15 13:52:00+00:00,TALO,2566.1,False,False,,,,SCO,0.0,True,True,"JAN(1.3 deg), KUL(2.5 deg)",False,False,DAWS,1087.7,False,False,,,,NRD,2853.8,False,False,,,,DAWS,1828.6,False,False,,,,NRD,3251.6,False,False,,,,DAWS,1828.6,False,False,,,,NRD,3251.6,False,False,,,
13,2014-12-22 05:30:00+00:00,-71,24.0,4,139.7,0.167,47.08,14,125.1,0.297,6.0,4,90.7,0.667,23.0,3,260.5,0.13,76.08,[3],208.9,197.9,177.7,171.2,188.2,"{'2014-12-17': 1.12, '2014-12-18': 1.32, '2014-12-19': 1.91, '2014-12-20': 1.8, '2014-12-21': 2.68, '2014-12-22': 2.7, '2014-12-23': 2.05, '2014-12-24': 2.95, '2014-12-25': 2.26, '2014-12-26': 2.92, '2014-12-27': 1.45, '2014-12-28': 2.15}",1.91,2.21,4.88,1.8,2.29,OK,-8.5,2014-12-20 00:25:00+00:00,2014-12-21 23:30:00+00:00,2014-12-23 04:30:00+00:00,-21.0,2014-12-19 10:29:00+00:00,2014-12-21 19:54:00+00:00,2014-12-22 02:04:00+00:00,2014-12-22 16:44:00+00:00,DAWS,814.3,False,False,,,,NRD,2891.1,False,False,,,,SACH,3211.8,False,False,,,,HOP,2800.5,False,False,,,,TALO,3910.1,False,False,,,,DON,0.0,True,True,"JCK(0.1 deg), PEL(0.2 deg)",False,False,SACH,3734.6,False,False,,,,HOP,1570.0,False,False,,,
