network,station,latitude,longitude,sampling_seconds,n_samples,start,end,dH_min_nT,dH_max_nT,dH_range_nT,abs_dHdt_max_nT_s,Pi2_RMS_nT
CARISMA,ANNA,42.417,276.098,1.0,86400,2015-04-10,2015-04-10 23:59:59,-58.34508857343826,33.56460866694397,91.90969724038223,0.7659882002626546,0.41119567047404154
IMAGE,ABK,68.35,18.82,60.0,1440,2015-04-10,2015-04-10 23:59:00,-771.0827710489611,186.20780624347572,957.2905772924369,2.3849289544512735,
IMAGE,AND,69.3,16.03,60.0,1440,2015-04-10,2015-04-10 23:59:00,-816.9714772567204,226.6869390286629,1043.6584162853833,2.493965878984788,
IMAGE,BJN,74.5,19.2,60.0,1440,2015-04-10,2015-04-10 23:59:00,-704.062034895448,167.76744723871525,871.8294821341633,1.5342762522037448,
IMAGE,BRZ,56.17,24.86,60.0,1440,2015-04-10,2015-04-10 23:59:00,-45.27228317608683,56.861382978131104,102.13366615421793,0.4367628259354935,
IMAGE,DOB,62.07,9.11,60.0,1440,2015-04-10,2015-04-10 23:59:00,-251.16893639960654,57.891891923502044,309.0608283231086,0.7433898773270206,
IMAGE,DON,66.11,12.5,60.0,1440,2015-04-10,2015-04-10 23:59:00,-693.12102866647,147.79847814833556,840.9195068148056,3.0738053541022663,
IMAGE,HAN,62.25,26.6,60.0,1440,2015-04-10,2015-04-10 23:59:00,-201.657065537358,47.49705943034314,249.15412496770114,0.7594464595497509,
IMAGE,HOP,76.51,25.01,60.0,1440,2015-04-10,2015-04-10 23:59:00,-318.75881259659764,108.17950373941858,426.9383163360162,1.3785764090730177,
IMAGE,HOR,77.0,15.6,60.0,1440,2015-04-10,2015-04-10 23:59:00,-249.16077881750152,103.13134482434543,352.29212364184696,1.1507282734247837,
IMAGE,IVA,68.56,27.29,60.0,1440,2015-04-10,2015-04-10 23:59:00,-720.6216731307504,175.26419960527346,895.8858727360239,1.8429717804413486,
IMAGE,JCK,66.4,16.98,60.0,1440,2015-04-10,2015-04-10 23:59:00,-666.9734602736389,136.81311191515488,803.7865721887938,1.4128831982376748,
IMAGE,KAR,59.21,5.25,60.0,1440,2015-04-10,2015-04-10 23:59:00,-81.94860002343921,40.43167455112962,122.38027457456883,0.34896201594122733,
IMAGE,KEV,69.76,27.01,60.0,1440,2015-04-10,2015-04-10 23:59:00,-701.8389795162111,199.71636715517343,901.5553466713845,1.9305890663900755,
IMAGE,KIL,69.02,20.79,60.0,1440,2015-04-10,2015-04-10 23:59:00,-686.4008439877252,194.0604334201198,880.461277407845,1.2870501212432828,
IMAGE,KIR,67.84,20.42,60.0,1440,2015-04-10,2015-04-10 23:59:00,-876.4388835732461,167.52149817879035,1043.9603817520365,2.958818057307447,
IMAGE,LYC,64.61,18.75,60.0,1440,2015-04-10,2015-04-10 23:59:00,-655.98626789433,109.24147873781112,765.2277466321411,2.4068898478063905,
IMAGE,LYR,78.2,15.82,60.0,1440,2015-04-10,2015-04-10 23:59:00,-343.065386663563,90.42121572711767,433.4866023906807,1.161764920436508,
IMAGE,MAS,69.46,23.7,60.0,1440,2015-04-10,2015-04-10 23:59:00,-729.7852064059334,197.35302742360727,927.1382338295407,2.269180027195489,
IMAGE,MEK,62.77,30.97,60.0,1440,2015-04-10,2015-04-10 23:59:00,-274.7857976843843,48.85499247004191,323.6407901544262,0.9486230280752959,
IMAGE,MUO,68.02,23.53,60.0,1440,2015-04-10,2015-04-10 23:59:00,-786.6941899649428,166.83750669200344,953.5316966569462,2.224655729727298,
IMAGE,NAL,78.92,11.95,60.0,1440,2015-04-10,2015-04-10 23:59:00,-430.33959213760045,91.79425432482367,522.1338464624241,0.9893212581773999,
IMAGE,NGK,52.07,12.68,60.0,1440,2015-04-10,2015-04-10 23:59:00,-45.42318461902323,62.43490145028045,107.85808606930368,0.24799416923015088,
IMAGE,NOR,71.09,25.79,60.0,1440,2015-04-10,2015-04-10 23:59:00,-1009.7129449295026,222.1604122180779,1231.8733571475805,2.135322348054342,
IMAGE,NUR,60.5,24.65,60.0,1440,2015-04-10,2015-04-10 23:59:00,-78.33712362944061,46.574729206593474,124.91185283603409,0.4286258027717243,
IMAGE,OUJ,64.52,27.23,60.0,1440,2015-04-10,2015-04-10 23:59:00,-599.9393898002163,86.68540932100586,686.6247991212222,2.3449122604602963,
IMAGE,PEL,66.9,24.08,60.0,1440,2015-04-10,2015-04-10 23:59:00,-809.2014049038735,135.11322757383095,944.3146324777044,1.9666979548010508,
IMAGE,RAN,65.9,26.41,60.0,1440,2015-04-10,2015-04-10 23:59:00,-613.5817974527599,109.88759365028272,723.4693911030427,1.3736547638818897,
IMAGE,RVK,64.95,10.99,60.0,1440,2015-04-10,2015-04-10 23:59:00,-602.1474950078409,116.32491695665522,718.4724119644961,2.393303713462471,
IMAGE,SOD,67.37,26.63,60.0,1440,2015-04-10,2015-04-10 23:59:00,-740.206625458035,145.971197991812,886.177823449847,2.179808780430085,
IMAGE,SOL,61.08,4.84,60.0,1440,2015-04-10,2015-04-10 23:59:00,-195.2365130825292,55.82819569511412,251.06470877764332,0.4744494660290608,
IMAGE,SOR,70.54,22.22,60.0,1440,2015-04-10,2015-04-10 23:59:00,-915.8949599809202,212.30583224872498,1128.2007922296452,2.1216089997890775,
IMAGE,SUW,54.01,23.18,60.0,1440,2015-04-10,2015-04-10 23:59:00,,,,,
IMAGE,TAR,58.26,26.46,60.0,1440,2015-04-10,2015-04-10 23:59:00,-48.45106887148904,34.13589558442072,82.58696445590977,0.3071998743286107,
IMAGE,TRO,69.66,18.94,60.0,1440,2015-04-10,2015-04-10 23:59:00,-772.6541471494711,218.76626037678943,991.4204075262605,2.1104096088117026,
IMAGE,UPS,59.9,17.35,60.0,1440,2015-04-10,2015-04-10 23:59:00,-78.95345486203951,38.49844959190159,117.4519044539411,0.3555542744005834,
IMAGE,WNG,53.74,9.07,60.0,1440,2015-04-10,2015-04-10 23:59:00,-51.45828804288249,62.68395468298695,114.14224272586944,0.2968332894687895,
